Name,Grape,Score,Price,Normalized_Score
"Taylor Fladgate Vintage Port, Portugal",Port Blend Red,94,472,8.8
"Dow's Vintage Port, Portugal",Port Blend Red,95,408,9.0
"W & J Graham's Vintage Port, Portugal",Port Blend Red,94,408,8.8
"Fonseca Vintage Port, Portugal",Port Blend Red,94,413,8.8
"Warre's Vintage Port, Portugal",Port Blend Red,93,378,8.6
"Quinta do Noval Vintage Port, Portugal",Port Blend Red,94,398,8.8
"Quinta do Noval Nacional Vintage Port, Portugal",Port Blend Red,96,3772,9.2
"Casa Ferreirinha Barca Velha, Douro, Portugal",Tinta Roriz - Tinto Cao - Touriga,92,1889,8.4
"Cockburn's Vintage Port, Portugal",Port Blend Red,94,313,8.8
"Niepoort Vintage Port, Portugal",Port Blend Red,93,333,8.6
"Cartuxa Pera Manca Tinto, Alentejo, Portugal",Portuguese Red Blend,91,1476,8.2
"Sandeman Vintage Port, Portugal",Port Blend Red,92,631,8.4
"Croft Vintage Port, Portugal",Port Blend Red,92,303,8.4
"Quinta do Vale Meao Tinto, Douro, Portugal",Portuguese Red Blend,93,353,8.6
"Ferreira Vintage Port, Portugal",Port Blend Red,91,447,8.2
"Mateus The Original Rose, Portugal",Baga,86,25,7.2
"Quinta do Vesuvio Single Quinta Vintage Port, Portugal",Port Blend Red,93,293,8.6
"Taylor Fladgate Quinta de Vargellas Vintage Port, Portugal",Port Blend Red,92,234,8.4
"Kopke Vintage Port, Portugal",Port Blend Red,89,229,7.8
"P+S Prats & Symington Chryseia, Douro, Portugal",Touriga Franca - Touriga Nacional,92,244,8.4
"Fonseca Guimaraens Vintage Port, Portugal",Port Blend Red,92,244,8.4
"Casa Santos Lima Colossal Reserva, Vinho Regional Lisboa, Portugal",Portuguese Red Blend,88,45,7.6
"Taylor Fladgate Late Bottled Vintage Port, Portugal",Port Blend Red,90,80,8.0
"W & J Graham's 'The Stone Terraces' Vintage Port, Portugal",Port Blend Red,94,666,8.8
"W & J Graham's Quinta dos Malvedos Vintage Port, Portugal",Port Blend Red,91,214,8.2
"Smith Woodhouse Vintage Port, Portugal",Port Blend Red,91,258,8.2
"Real Companhia Velha Vintage Port, Portugal",Port Blend Red,89,353,7.8
"Burmester Vintage Port, Portugal",Port Blend Red,89,278,7.8
"Herdade do Esporao 'Esporao' Reserva, Alentejo, Portugal",Rare Red Blend,89,75,7.8
"Quinta do Crasto Vinas Velhas - Old Vines Reserva, Douro, Portugal",Portuguese Red Blend,91,124,8.2
"W & J Graham's Late Bottled Vintage Port, Portugal",Port Blend Red,89,80,7.8
"Casa Ferreirinha Quinta da Leda, Douro, Portugal",Tinta Roriz (Aragonez) - Touriga,91,189,8.2
"Calem Vintage Port, Portugal",Port Blend Red,90,268,8.0
"Ramos Pinto Vintage Port, Portugal",Port Blend Red,91,308,8.2
"Churchill's Vintage Port, Portugal",Port Blend Red,91,313,8.2
"Cartuxa Evora Colheita Tinto, Alentejo, Portugal",Portuguese Red Blend,89,84,7.8
"Burmester Colheita Port, Portugal",Port Blend Red,88,512,7.6
"Casa Santos Lima 'Confidencial' Reserva Tinto, Vinho Regional Lisboa, Portugal",Portuguese Red Blend,90,40,8.0
"Aluado Alicante Bouschet, Lisboa, Portugal",Alicante Bouschet,88,45,7.6
"Wine & Soul Pintas Tinto, Douro, Portugal",Portuguese Red Blend,93,343,8.6
"Quinta do Crasto Vinha Maria Teresa, Douro, Portugal",Portuguese Red Blend,93,651,8.6
"Quinta do Vale D. Dona Maria Tinto, Douro, Portugal",Portuguese Red Blend,91,199,8.2
"Taylor Fladgate Vargellas Vinha Velha Vintage Port, Portugal",Port Blend Red,95,910,9.0
"Casal Garcia Branco, Vinho Verde, Portugal",Arinto (Pederna) - Loureiro,85,25,7.0
"Cartuxa Pera Manca Branco, Alentejo, Portugal",Antao Vaz - Arinto (Pederna),91,169,8.2
"Barros Vintage Port, Portugal",Port Blend Red,90,273,8.0
"Quinta do Crasto 'Crasto', Douro, Portugal",Portuguese Red Blend,88,55,7.6
"Quinta do Vallado Reserva Field Blend, Douro, Portugal",Portuguese Red Blend,92,149,8.4
"Warre's Quinta da Cavadinha Vintage Port, Portugal",Port Blend Red,90,154,8.0
"Ferreira Dona Antonia Reserva Tawny Port, Portugal",Port Blend Red,88,70,7.6
"Dow's Late Bottled Vintage Port, Portugal",Port Blend Red,89,84,7.8
"Dow's Quinta do Bomfim Single Quinta Vintage Port, Portugal",Port Blend Red,91,159,8.2
"Offley Boa Vista Vintage Port, Portugal",Port Blend Red,90,283,8.0
"Herdade do Mouchao Tinto, Alentejo, Portugal",Alicante Bouschet,91,179,8.2
"Delaforce Vintage Port, Portugal",Port Blend Red,89,273,7.8
"Cartuxa Evora Reserva Tinto, Alentejo, Portugal",Alicante Bouschet - Aragonez,90,174,8.0
"Herdade do Esporao Monte Velho, Vinho Regional Alentejano, Portugal",Portuguese Red Blend,86,35,7.2
"Quinta de Soalheiro Alvarinho, Vinho Verde, Portugal",Albarino (Alvarinho),90,60,8.0
"Casa Ferreirinha 'Papa Figos' Tinto, Douro, Portugal",Tinta Barroca - Tinta Roriz - Touriga,87,45,7.4
"Warre's Late Bottled Vintage Port, Portugal",Port Blend Red,90,114,8.0
"Vicente Leite Faria Gloria Tinto Reserva, Douro, Portugal",Portuguese Red Blend,89,50,7.8
"C. da Silva Dalva Vintage Port, Portugal",Port Blend Red,90,199,8.0
"Herdade do Mouchao Tonel 3-4, Alentejo, Portugal",Alicante Bouschet,92,626,8.4
"Quinta do Noval Late Bottled Vintage Port, Portugal",Port Blend Red,89,89,7.8
"Sandeman Late Bottled Vintage Port, Portugal",Port Blend Red,89,99,7.8
"Quarles Harris Vintage Port, Portugal",Port Blend Red,89,303,7.8
"Dao Sul Quinta de Cabriz 'Cabriz' Colheita Seleccionada Tinto, Dao, Portugal",Alfrocheiro Preto - Tinta Roriz - Touriga,87,30,7.4
"Aveleda 'Quinta da Aveleda' Loureiro - Alvarinho, Vinho Verde, Portugal",Portuguese White Blend,87,30,7.4
"Quinta do Vesuvio 'A Capela' Vintage Porto, Portugal",Port Blend Red,93,676,8.6
"Quinta do Crasto Touriga Nacional, Douro, Portugal",Touriga Nacional,91,229,8.2
"Ramos Pinto Duas Quintas Reserva, Douro, Portugal",Portuguese Red Blend,90,129,8.0
"Real Companhia Velha Royal Oporto Vintage Port, Portugal",Port Blend Red,88,591,7.6
"Rozes Porto Vintage Port, Portugal",Port Blend Red,90,184,8.0
"Adega de Moncao 'Muralhas de Moncao', Vinho Verde, Portugal",Albarino (Alvarinho),86,30,7.2
"Ramos Pinto Duas Quintas, Douro, Portugal",Tinta Roriz (Aragonez) - Touriga,88,55,7.6
"Taylor Fladgate 20 Year Old Tawny Port, Portugal",Port Blend Red,91,189,8.2
"P+S Prats & Symington Post Scriptum de Chryseia, Douro, Portugal",Portuguese Red Blend,89,80,7.8
"Herdade do Esporao Private Selection, Alentejo, Portugal",Alicante Bouschet - Aragonez,91,184,8.2
"W & J Graham's 20 Year Old Tawny Port, Portugal",Port Blend Red,91,194,8.2
"Cockburn's Special Reserve Port, Portugal",Port Blend Red,87,65,7.4
"Quinta do Vale D. Dona Maria CV Curriculum Vitae, Douro, Portugal",Portuguese Red Blend,92,308,8.4
"Quinta do Vallado Tinto, Douro, Portugal",Portuguese Red Blend,88,60,7.6
"Casa Ferreirinha Vinha Grande Tinto, Douro, Portugal",Portuguese Red Blend,88,55,7.6
"Croft Quinta da Roeda Vintage Port, Portugal",Port Blend Red,91,179,8.2
"Sandeman 40 Years Old Tawny Porto, Portugal",Port Blend Red,91,572,8.2
"Quinta do Vale Meao 'Meandro' Tinto, Douro, Portugal",Portuguese Red Blend,89,80,7.8
"Bacalhoa - Caves Alianca 'Quinta da Bacalhoa' Cabernet Sauvignon, Vinho Regional Setubal Peninsula, Portugal",Cabernet Sauvignon,90,84,8.0
"Parras 'Montaria' Tinto, Vinho Regional Alentejano, Portugal",Alicante Bouschet - Aragonez - Trincadeira,86,30,7.2
"Niepoort Batuta Tinto, Douro, Portugal",Portuguese Red Blend,92,253,8.4
"Casa Ferreirinha Planalto Reserva, Douro, Portugal",Portuguese White Blend,87,35,7.4
"Taylor Fladgate 40 year old Tawny Port, Portugal",Port Blend Red,92,741,8.4
"Niepoort Late Bottled Vintage Port, Portugal",Port Blend Red,90,84,8.0
"Taylor Fladgate 325th Anniversary Tawny Port, Portugal",Port Blend Red,90,149,8.0
"Quinta do Crasto Superior, Douro, Portugal",Portuguese Red Blend,90,75,8.0
"W & J Graham's 40 Year Old Tawny Port, Portugal",Port Blend Red,91,572,8.2
"Wiese & Krohn Vintage Port, Portugal",Port Blend Red,89,750,7.8
"Jose Maria da Fonseca Lancers Rose, Portugal",Portuguese Red Blend,85,25,7.0
"Fonseca Late Bottled Vintage Port, Portugal",Port Blend Red,90,84,8.0
"Casa Ferreirinha Esteva Tinto, Douro, Portugal",Portuguese Red Blend,87,35,7.4
"Quinta do Infantado Vintage Port, Portugal",Port Blend Red,89,253,7.8
"Lobo e Falcao Tinto, Vinho Regional Tejo, Portugal",Portuguese Red Blend,87,45,7.4
"Niepoort Redoma Tinto, Douro, Portugal",Portuguese Red Blend,91,129,8.2
"Quinta do Noval Tinto, Douro, Portugal",Portuguese Red Blend,91,204,8.2
"Gazela Branco, Vinho Verde, Portugal",Loureiro,85,25,7.0
"Porto Cruz Vintage Port, Portugal",Port Blend Red,88,134,7.6
"Alves de Sousa 'Abandonado' Tinto, Douro, Portugal",Portuguese Red Blend,91,348,8.2
"Sandeman Vau Vintage Porto, Portugal",Port Blend Red,89,169,7.8
"Taylor Fladgate Scion Vintage Port, Portugal",Port Blend Red,90,11834,8.0
"Quinta do Noval Unfiltered Late Bottled Vintage Port, Portugal",Port Blend Red,90,89,8.0
"Ferreira Late Bottled Vintage Port, Portugal",Port Blend Red,90,80,8.0
"Niepoort Charme Tinto, Douro, Portugal",Portuguese Red Blend,92,258,8.4
"Casa Santos Lima 'Stones & Bones', Vinho Regional Lisboa, Portugal",Portuguese Red Blend,88,45,7.6
"Casa Santos Lima 'Lab' Tinto, Vinho Regional Lisboa, Portugal",Portuguese Red Blend,86,30,7.2
"Casal Garcia Rose, Vinho Verde, Portugal",Rare Rose Blend,85,30,7.0
"Taylor Fladgate 10 Year Old Tawny Port, Portugal",Port Blend Red,89,109,7.8
"Silk & Spice Red Blend, Portugal",Portuguese Red Blend,88,45,7.6
"Silk & Spice Red Blend, Portugal",Portuguese Red Blend,88,45,7.6
"Quinta do Vallado Touriga Nacional, Douro, Portugal",Touriga Nacional,91,134,8.2
"W & J Graham's 30 Year Old Tawny Port, Portugal",Port Blend Red,91,373,8.2
"Herdade do Esporao 'Esporao' Reserva Branco, Alentejo, Portugal",Rare White Blend,89,55,7.8
"Ferreira Tawny Port, Portugal",Port Blend Red,87,50,7.4
"Quinta de la Rosa Vintage Port, Portugal",Port Blend Red,91,239,8.2
"W & J Graham's 'Ne Oublie' Port, Portugal",Port Blend Red,90,24567,8.0
"Cossart Gordon Bual Vintage, Madeira, Portugal",Bual,89,949,7.8
"Kopke 10 Year Old Tawny Port, Portugal",Port Blend Red,89,104,7.8
"Jose Maria da Fonseca Periquita Original, Vinho Regional Peninsula de Setubal, Portugal",Portuguese Red Blend,86,35,7.2
"Sagres Beer, Portugal",Beer,87,20,7.4
"Caves Messias Vintage Port, Portugal",Port Blend Red,89,388,7.8
"Symington Altano, Douro, Portugal",Portuguese Red Blend,87,35,7.4
"Sandeman Ruby Port, Portugal",Port Blend Red,86,55,7.2
"Ferreira Quinta do Porto 10 Year Old Tawny Port, Portugal",Port Blend Red,89,99,7.8
"Quinta do Crasto Vinha da Ponte, Douro, Portugal",Portuguese Red Blend,92,646,8.4
"W & J Graham's Six Grapes Reserve Port, Portugal",Port Blend Red,89,80,7.8
"Niepoort Bioma Vinha Velha Vintage Port, Portugal",Port Blend Red,93,313,8.6
"Porto Cruz Tawny Port, Portugal",Port Blend Red,88,50,7.6
"Cortes de Cima Incognito, Vinho Regional Alentejano, Portugal",Syrah,89,273,7.8
"Quinta do Poeira 'Poeira', Douro, Portugal",Portuguese Red Blend,91,139,8.2
"Fonseca Quinta Do Panascal Single Quinta Vintage Port, Portugal",Port Blend Red,90,219,8.0
"Quinta do Crasto Tinta Roriz, Douro, Portugal",Tempranillo,91,229,8.2
"Porto Cruz Special Reserve Port, Portugal",Port Blend Red,87,75,7.4
"Quinta do Mouro Tinto, Vinho Regional Alentejano, Portugal",Rare Red Blend,90,119,8.0
"Herdade de Sao Miguel Colheita Seleccionada, Vinho Regional Alentejano, Portugal",Alicante Bouschet - Aragonez - Trincadeira,88,40,7.6
"Real Companhia Velha Porca de Murca Tinto, Douro, Portugal",Tinta Barroca - Tinta Roriz - Touriga,86,35,7.2
"Luis Pato Vinhas Velhas, Beiras, Portugal",Baga,89,84,7.8
"Alves de Sousa Quinta da Gaivosa Tinto, Douro, Portugal",Portuguese Red Blend,90,179,8.0
"Niepoort Coche, Douro, Portugal",Portuguese White Blend,92,249,8.4
"Quinta do Passadouro Vintage Port, Portugal",Port Blend Red,91,194,8.2
"Quinta de la Rosa 'La Rosa' Reserva, Douro, Portugal",Tinta Barroca - Tinta Roriz - Touriga,91,129,8.2
"Wine & Soul Quinta da Manoella Vinhas Velhas, Douro, Portugal",Portuguese Red Blend,91,273,8.2
"Cockburn's Fine Ruby Port, Portugal",Port Blend Red,88,50,7.6
"Casa Ferreirinha Callabriga, Douro, Portugal",Tempranillo,89,80,7.8
"Cortes de Cima Tinto, Vinho Regional Alentejano, Portugal",Portuguese Red Blend,88,65,7.6
"Sandeman 20 Years Old Tawny Porto, Portugal",Port Blend Red,90,189,8.0
"Croft Pink Rose Port, Portugal",Port Blend Red,87,65,7.4
"Vinhos Borges 'Gatao', Vinho Verde, Portugal",Portuguese White Blend,85,25,7.0
"Casa de Mouraz Encruzado, Dao, Portugal",Encruzado,89,70,7.8
"Bacalhoa - Caves Alianca Quinta do Carmo Tinto, Alentejo, Portugal",Portuguese Red Blend,88,70,7.6
"CARM Casa Agricola Roboredo Madeira Reserva, Douro, Portugal",Portuguese Red Blend,89,65,7.8
"Pink Elephant Rose, Portugal",Rare Rose Blend,86,30,7.2
"Niepoort Projectos Bucaco Branco Vinho de Mesa, Portugal",Portuguese White Blend,90,194,8.0
"Dow's Quinta da Senhora da Ribeira Single Quinta Vintage Port, Portugal",Port Blend Red,91,239,8.2
"Niepoort Redoma Reserva Branco, Douro, Portugal",Portuguese White Blend,91,124,8.2
"Esporao Quinta dos Murcas Reserva, Douro, Portugal",Portuguese Red Blend,91,114,8.2
"Anselmo Mendes Contacto Alvarinho, Vinho Verde, Portugal",Albarino (Alvarinho),89,55,7.8
"Jose Maria da Fonseca Jose de Sousa, Vinho Regional Alentejano, Portugal",Portuguese Red Blend,89,55,7.8
"Niepoort Redoma Branco, Douro, Portugal",Portuguese White Blend,90,70,8.0
"Casa Santos Lima 'Lab' Rose, Vinho Regional Lisboa, Portugal",Portuguese Red Blend,87,30,7.4
"Quinta da Foz Reserva, Douro, Portugal",Portuguese Red Blend,90,89,8.0
"Jose Maria da Fonseca Alambre Moscatel de Setubal, Portugal",Muscat of Alexandria,88,55,7.6
"Wine & Soul 'Guru' Branco, Douro, Portugal",Portuguese White Blend,90,124,8.0
"Quinta da Romaneira Vintage Port, Portugal",Port Blend Red,91,204,8.2
"Sandeman Founder's Reserve Port, Portugal",Port Blend Red,87,70,7.4
"Dow's 10 Year Old Tawny Port, Portugal",Port Blend Red,88,119,7.6
"Ramos Pinto Late Bottled Vintage Port, Portugal",Port Blend Red,89,89,7.8
"Cortes de Cima Chamine Tinto, Vinho Regional Alentejano, Portugal",Syrah - Tempranillo,86,40,7.2
"Parras 'Montaria' Reserva, Vinho Regional Alentejano, Portugal",Rare Red Blend,87,30,7.4
"Cockburn's Late Bottled Vintage Port, Portugal",Port Blend Red,88,75,7.6
"Broadbent Vinho Verde, Portugal",Arinto (Pederna) - Loureiro,86,35,7.2
"Palacio da Brejoeira Alvarinho, Vinho Verde, Portugal",Albarino (Alvarinho),88,70,7.6
"Wine & Soul Pintas Character Red, Douro, Portugal",Portuguese Red Blend,91,114,8.2
"Warre's Otima 10 Year Old Tawny Port, Portugal",Port Blend Red,90,124,8.0
"DFJ Vinhos Portada Winemaker's Selection Tinto, Vinho Regional Lisboa, Portugal",Portuguese Red Blend,86,35,7.2
"Blandy's Vintage Madeira Terrantez, Portugal",Terrantez,89,905,7.8
"Porto Cruz 'Gran Cruz' 10 Year Old Tawny Port, Portugal",Port Blend Red,88,89,7.6
"Quinta da Romaneira Reserva Tinto, Douro, Portugal",Portuguese Red Blend,92,184,8.4
"Quinta do Crasto Late Bottled Vintage Port, Portugal",Port Blend Red,89,80,7.8
"Conde D'Ervideira Reserva, Alentejo, Portugal",Alicante Bouschet - Aragonez - Trincadeira,87,55,7.4
"Caves Vidigal Porta 6 Tinto, Vinho Regional de Lisboa, Portugal",Portuguese Red Blend,87,30,7.4
"Quinta de Roriz Vintage Port, Portugal",Port Blend Red,90,229,8.0
"Grao Vasco Tinto, Dao, Portugal",Portuguese Red Blend,85,35,7.0
"Churchill's Late Bottled Vintage Port, Portugal",Port Blend Red,89,94,7.8
"Offley Late Bottled Vintage Port, Portugal",Port Blend Red,89,99,7.8
"Quinta do Noval 20 Years Old Tawny Port, Portugal",Port Blend Red,91,278,8.2
"Pocas Junior Vintage Port, Portugal",Port Blend Red,91,234,8.2
"Quinta do Vesuvio Pombal do Vesuvio, Douro, Portugal",Portuguese Red Blend,90,84,8.0
"Herdade dos Grous, Vinho Regional Alentejano, Portugal",Rare Red Blend,88,50,7.6
"Kopke Quinta Sao Luiz Vintage Port, Portugal",Port Blend Red,88,159,7.6
"Taylor Fladgate Quinta de Terra Feita Vintage Port, Portugal",Port Blend Red,90,239,8.0
"Quinta da Raza 'Raza', Vinho Verde, Portugal",Portuguese White Blend,86,35,7.2
"Quinta de la Rosa Tinto, Douro, Portugal",Portuguese Red Blend,89,65,7.8
"Jose Maria da Fonseca Periquita Reserva, Vinho Regional Peninsula de Setubal, Portugal",Portuguese Red Blend,87,55,7.4
"Cartuxa Eugenio de Almeida EA, Vinho Regional Alentejano, Portugal",Portuguese Red Blend,85,35,7.0
"Joao Portugal Ramos Marques de Borba, Alentejo, Portugal",Portuguese Red Blend,87,40,7.4
"Real Companhia Velha 'Evel' Tinto, Douro, Portugal",Portuguese Red Blend,87,40,7.4
"Colinas de Sao Lourenco 'Principal' Grande Reserva, Bairrada, Portugal",Rare Red Blend,90,413,8.0
"Dao Sul Casa de Santar Reserva, Dao, Portugal",Portuguese Red Blend,90,60,8.0
"Real Companhia Velha Royal Oporto 10 Year Old Tawny Port, Portugal",Port Blend Red,87,94,7.4
"Alvaro Castro Quinta da Pellada Carrocel, Dao, Portugal",Touriga Nacional,92,253,8.4
"Ramos Pinto 20 Year Old Quinta do Bom Retiro Tawny Port, Portugal",Port Blend Red,92,253,8.4
"Sao Miguel do Sul Tinto, Vinho Regional Alentejano, Portugal",Portuguese Red Blend,88,40,7.6
"Quinta Nova de Nossa Senhora do Carmo 'Mirabilis' Grande Reserva Branco, Douro, Portugal",Portuguese White Blend,90,154,8.0
"Filipa Pato 3B Metodo Traditional Rose, Bairrada, Beiras, Portugal",Rare Rose Blend,88,55,7.6
"Aveleda Alvarinho, Vinho Verde, Portugal",Albarino (Alvarinho),88,40,7.6
"Wine & Soul Quinta da Manoella, Douro, Portugal",Portuguese Red Blend,89,65,7.8
"Niepoort Robustus, Douro, Portugal",Portuguese Red Blend,92,273,8.4
"Herdade do Esporao Torre do Esporao, Vinho Regional Alentejano, Portugal",Portuguese Red Blend,90,790,8.0
"Sandeman 30 Year Old Tawny Porto, Portugal",Port Blend Red,91,353,8.2
"Bacalhoa - Caves Alianca Moscatel de Setubal, Portugal",Muscat of Alexandria,88,45,7.6
"Burmester Late Bottled Vintage Port, Portugal",Port Blend Red,88,89,7.6
"Caves Messias Quinta do Cachao Vintage Port, Portugal",Port Blend Red,88,417,7.6
"Quinta do Monte d'Oiro Reserva, Vinho Regional Lisboa, Portugal",Syrah - Viognier,91,159,8.2
"Dow's 20 Year Old Tawny Port, Portugal",Port Blend Red,90,199,8.0
"Taylor Fladgate 30 Year Old Tawny Port, Portugal",Port Blend Red,89,502,7.8
"Casa Santos Lima Quinta das Setencostas, Alenquer, Portugal",Portuguese Red Blend,87,30,7.4
"Quinta do Noval 40 Year Old Tawny Port, Portugal",Port Blend Red,91,542,8.2
"Adega Cooperativa de Borba, Alentejo, Portugal",Portuguese Red Blend,85,30,7.0
"Duorum Tons de Duorum Tinto, Douro, Portugal",Tinta Roriz (Aragonez) - Touriga,87,35,7.4
"Quinta do Portal Colheita, Douro, Portugal",Tinta Roriz (Aragonez) - Touriga,88,55,7.6
"Caves Velhas 'Cabeca de Toiro' Reserva, Ribatejo, Portugal",Castelao - Touriga,88,40,7.6
"Quinta do Ameal Loureiro, Vinho Verde, Portugal",Loureiro,89,50,7.8
"Casa Ermelinda Freitas Dona Ermelinda Reserva, Palmela, Portugal",Portuguese Red Blend,87,40,7.4
"Quinta da Romaneira Vinho Tinto, Douro, Portugal",Portuguese Red Blend,91,89,8.2
"Broadbent Rose, Vinho Verde, Portugal",Portuguese Red Blend,87,35,7.4
"Luis Pato Quinta do Ribeirinho Pe Franco, Beiras, Portugal",Baga,92,676,8.4
"Quinta do Crasto 'Xisto' Roquette e Cazes, Douro, Portugal",Portuguese Red Blend,90,273,8.0
"Quinta do Crasto Roquette & Cazes, Douro, Portugal",Portuguese Red Blend,89,84,7.8
"Kopke 20 Year Old Port, Portugal",Port Blend Red,89,219,7.8
"Jose Maria da Fonseca Twin Vines, Vinho Verde, Portugal",Portuguese White Blend,85,25,7.0
"Burmester Jockey Club Reserve Port, Portugal",Port Blend Red,87,70,7.4
"Esporao Quinta dos Murcas 'Assobio', Douro, Portugal",Portuguese Red Blend,87,45,7.4
"Quinta do Mouro Rotulo Dourado, Vinho Regional Alentejano, Portugal",Rare Red Blend,90,268,8.0
"Quinta de Roriz Prazo de Roriz, Douro, Portugal",Portuguese Red Blend,88,55,7.6
"Adega Vila Real Reserva Tinto, Douro, Portugal",Portuguese Red Blend,86,25,7.2
"Real Companhia Velha Royal Oporto 40 Year Old Tawny Port, Portugal",Port Blend Red,90,442,8.0
"Quinta do Crasto Vintage Port, Portugal",Port Blend Red,90,189,8.0
"Offley 10 Year Old Tawny Port, Portugal",Port Blend Red,88,119,7.6
"Herdade da Farizoa Grande Reserva, Alentejo, Portugal",Syrah - Touriga,89,80,7.8
"Calem Velhotes - Old Friends Tawny Port, Portugal",Port Blend Red,86,35,7.2
"Duorum Tinto, Douro, Portugal",Portuguese Red Blend,89,65,7.8
"Sogrape Vinhos 'Legado' Fernando Guedes, Douro, Portugal",Portuguese Red Blend,91,800,8.2
"Azinhaga de Ouro, Douro, Portugal",Tinta Roriz (Aragonez) - Touriga,87,10,7.4
"Conde D'Ervideira Branco Reserva, Alentejo, Portugal",Antao Vaz,87,50,7.4
"Quinta da Alorna Touriga Nacional - Cabernet Sauvignon Reserva, Vinho Regional Tejo, Portugal",Rare Red Blend,89,50,7.8
"Quinta do Noval Cedro do Noval, Vinho Regional Duriense, Portugal",Portuguese Red Blend,90,75,8.0
"Fonseca 40 Year Old Tawny Port, Portugal",Port Blend Red,91,805,8.2
"Quinta Nova de Nossa Senhora do Carmo 'Mirabilis' Grande Reserva Tinto, Douro, Portugal",Portuguese Red Blend,90,338,8.0
"Ramos Pinto 30 Year Old Tawny Port, Portugal",Port Blend Red,91,353,8.2
"Croft Late Bottled Vintage Port, Portugal",Port Blend Red,88,75,7.6
"Niepoort Fabelhaft, Douro, Portugal",Portuguese Red Blend,87,45,7.4
"Vicente Leite Faria Animus, Douro, Portugal",Tinta Roriz (Aragonez) - Touriga,87,35,7.4
"Calem Special Reserve Port, Portugal",Port Blend Red,88,60,7.6
"Quinta das Bageiras Garrafeira Tinto, Bairrada, Portugal",Baga,91,119,8.2
"Luis Duarte Rubrica Tinto, Vinho Regional Alentejano, Portugal",Portuguese Red Blend,91,84,8.2
"Quinta do Vale D. Dona Maria 'Vinha da Francisca', Douro, Portugal",Portuguese Red Blend,92,273,8.4
"Sandeman Tawny Porto, Portugal",Port Blend Red,87,55,7.4
"Anselmo Mendes 'Muros Antigos' Loureiro, Vinho Verde, Portugal",Loureiro,88,40,7.6
"Joao Portugal Ramos Marques de Borba Reserva, Alentejo, Portugal",Portuguese Red Blend,91,179,8.2
"Dao Sul Casa de Santar, Dao, Portugal",Portuguese Red Blend,88,35,7.6
"Alvaro Castro Quinta da Pellada, Dao, Portugal",Tinta Roriz (Aragonez) - Touriga,91,144,8.2
"Ferreira Duque de Braganca 20 Year Old Tawny Port, Portugal",Port Blend Red,90,209,8.0
"Fonseca Premium Reserve Bin 27 Port, Portugal",Port Blend Red,89,65,7.8
"Quinta do Zambujeiro 'Zambujeiro', Vinho Regional Alentejano, Portugal",Portuguese Red Blend,90,288,8.0
"Herdade dos Grous Moon Harvested, Alentejo, Portugal",Alicante Bouschet,89,109,7.8
"Anselmo Mendes 'Parcela Unica' Alvarinho, Vinho Verde, Portugal",Albarino (Alvarinho),92,124,8.4
"Adega Cooperativa de Borba 'Rotulo Cortica' Reserva, Alentejo, Portugal",Alicante Bouschet - Aragonez - Trincadeira,88,65,7.6
"Julio Bastos Dona Maria Gran Reserva, Alentejo, Portugal",Portuguese Red Blend,91,129,8.2
"Offley Tawny Port, Portugal",Port Blend Red,89,55,7.8
"Barros Tawny Port, Portugal",Port Blend Red,88,45,7.6
"Casa Cadaval Padre Pedro, Vinho Regional Tejo, Portugal",Rare Red Blend,86,30,7.2
"DFJ Vinhos Portada Tinto, Vinho Regional Lisboa, Portugal",Portuguese Red Blend,87,30,7.4
"Azinhaga de Ouro Reserva, Douro, Portugal",Tinta Roriz (Aragonez) - Touriga,87,30,7.4
"Caves Sao Joao Frei Joao Reserva, Bairrada, Portugal",Rare Red Blend,88,70,7.6
"Herdade da Malhadinha Nova 'Monte de Peceguina', Alentejo, Portugal",Alicante Bouschet - Aragonez,87,65,7.4
"Filipa Pato Nossa Calcario Branco, Bairrada, Portugal",Bical,90,109,8.0
"Caves Sao Joao 'Porta dos Cavaleiros' Reserva Tinto, Dao, Portugal",Portuguese Red Blend,89,164,7.8
"Niepoort Vertente Tinto, Douro, Portugal",Tinta Roriz (Aragonez) - Touriga,90,70,8.0
"Herdade do Mouchao Dom Rafael Tinto, Alentejo, Portugal",Portuguese Red Blend,88,50,7.6
"Quinta do Vale D. Dona Maria Vintage Port, Portugal",Port Blend Red,91,219,8.2
"Quinta do Vesuvio Tinto, Douro, Portugal",Portuguese Red Blend,91,214,8.2
"Luis Pato Vinha Pan Tinto, Beiras, Portugal",Alicante Bouschet,91,119,8.2
"Quinta do Cotto Grande Escolha, Douro, Portugal",Tinta Roriz (Aragonez) - Touriga,89,179,7.8
"Ferreira Port Branco, Portugal",Port Blend White,87,45,7.4
"Sandeman 10 Year Old Tawny Port, Portugal",Port Blend Red,89,114,7.8
"Quinta do Portal Grande Reserva, Douro, Portugal",Portuguese Red Blend,89,134,7.8
"Dao Sul Quinta de Cabriz Reserva, Dao, Portugal",Alfrocheiro Preto - Tinta Roriz - Touriga,89,45,7.8
"Quinta do Pego Vintage Port, Portugal",Port Blend Red,89,209,7.8
"Caves Sao Joao Frei Joao, Bairrada, Portugal",Rare Red Blend,86,70,7.2
"Romariz Vintage Port, Portugal",Port Blend Red,89,258,7.8
"Mapreco Rose, Vinho Verde, Portugal",Tinta Roriz (Aragonez) - Touriga,87,35,7.4
"Real Companhia Velha Porca de Murca Reserva Tinto, Douro, Portugal",Tinta Roriz (Aragonez) - Touriga,88,50,7.6
"Quinta das Arcas Arca Nova, Vinho Verde, Portugal",Arinto (Pederna) - Loureiro,86,35,7.2
"Blandy's Colheita - Harvest Malmsey, Madeira, Portugal",Malvasia,88,258,7.6
"Vinhos Borges Meia Encosta, Dao, Portugal",Alfrocheiro Preto - Tinta Roriz - Touriga,84,20,6.8
"Sogrape Vinhos Quinta de Azevedo, Vinho Verde, Portugal",Arinto (Pederna) - Loureiro,86,40,7.2
"Herdade dos Grous Reserva Tinto, Alentejo, Portugal",Portuguese Red Blend,91,139,8.2
"Quinta de Lemos Dona Santana, Dao, Portugal",Tinta Roriz (Aragonez) - Touriga,89,75,7.8
"Quinta do Gradil Mula Velha Premium, Vinho Regional de Lisboa, Portugal",Rare Red Blend,87,25,7.4
"Quinta do Vale D. Dona Maria 'Rufo', Douro, Portugal",Portuguese Red Blend,88,45,7.6
"Locations Wine P Red, Portugal",Portuguese Red Blend,88,65,7.6
"Quinta de Ventozelo Vintage Port, Portugal",Port Blend Red,87,199,7.4
"Niepoort Projectos Bucaco Tinto Vinho de Mesa, Portugal",Portuguese Red Blend,91,224,8.2
"Smith Woodhouse Late Bottled Vintage Port, Portugal",Port Blend Red,89,119,7.8
"Quinta do Noval 10 Year Old Tawny Port, Portugal",Port Blend Red,89,114,7.8
"Feuerheerd's Vintage Port, Portugal",Port Blend Red,89,388,7.8
"Adega de Favaios Moscatel do Douro, Portugal",Muscat,87,65,7.4
"Quinta Seara d'Ordens Porto Vintage Port, Portugal",Port Blend Red,89,144,7.8
"Herdade da Malhadinha Nova 'Malhadinha' Tinto, Alentejo, Portugal",Portuguese Red Blend,91,154,8.2
"Fonseca 20 Year Old Tawny Port, Portugal",Port Blend Red,91,194,8.2
"Andresen Vintage Port, Portugal",Port Blend Red,89,308,7.8
"Vila Regia Tinto, Douro, Portugal",Portuguese Red Blend,86,40,7.2
"Herdade do Rocim Marianna, Vinho Regional Alentejano, Portugal",Portuguese Red Blend,88,45,7.6
"Casa Santos Lima Al-Ria, Vinho Regional Algarve, Portugal",Syrah - Touriga,87,35,7.4
"Quinta Do Estanho Vintage Port, Portugal",Port Blend Red,87,214,7.4
"Herdade do Rocim Olho de Mocho Reserva, Vinho Regional Alentejano, Portugal",Syrah - Touriga,89,60,7.8
"Quinta do Poeira 'Po de Poeira' Tinto, Douro, Portugal",Portuguese Red Blend,89,75,7.8
"Niepoort Docil Loureiro, Vinho Verde, Portugal",Loureiro,88,50,7.6
"Dow's Fine Tawny Port, Portugal",Port Blend Red,86,50,7.2
"Dow's Fine Tawny Port, Portugal",Port Blend Red,86,50,7.2
"Kopke Late Bottled Vintage Port, Portugal",Port Blend Red,89,80,7.8
"Quinta do Vallado Adelaide, Douro, Portugal",Portuguese Red Blend,91,323,8.2
"Taylor Fladgate Chip Dry White Port, Portugal",Port Blend White,87,65,7.4
"Niepoort Lagar de Baixo Baga, Bairrada, Portugal",Baga,89,70,7.8
"Quinta de Chocapalha Tinto, Estremadura, Portugal",Tinta Roriz (Aragonez) - Touriga,90,45,8.0
"Real Companhia Velha Royal Oporto 20 Year Old Tawny Port, Portugal",Port Blend Red,89,184,7.8
"Monte da Ravasqueira Reserva Tinto, Vinho Regional Alentejano, Portugal",Syrah - Touriga,90,55,8.0
"Jose Maria da Fonseca Domini, Douro, Portugal",Tinta Roriz (Aragonez) - Touriga,89,50,7.8
"Vinhos Borges Quinta da Soalheira, Douro, Portugal",Tinta Roriz (Aragonez) - Touriga,87,25,7.4
"Rapariga da Quinta Tinto Reserva, Alentejo, Portugal",Alicante Bouschet,91,94,8.2
"Cartuxa Scala Coeli Tinto, Alentejo, Portugal",Rare Red Blend,89,273,7.8
"Quinta do Vale D. Dona Maria 'Vinha do Rio', Douro, Portugal",Portuguese Red Blend,92,462,8.4
"Casa Santos Lima 'Valcatrina', Vinho Regional Alentejano, Portugal",Portuguese Red Blend,87,40,7.4
"Cadao Reserva Tinto, Douro, Portugal",Tinta Roriz (Aragonez) - Touriga,88,25,7.6
"Quinta do Vale Meao Vintage Port, Portugal",Port Blend Red,92,338,8.4
"Dow's Crusted Port, Portugal",Port Blend Red,88,114,7.6
"Osborne Late Bottled Vintage Port, Portugal",Port Blend Red,88,75,7.6
"Casa Santos Lima Quinta de Bons Ventos, Vinho Regional Lisboa, Portugal",Portuguese Red Blend,86,30,7.2
"Churchill's Estates Tinto, Douro, Portugal",Tinta Roriz (Aragonez) - Touriga,89,60,7.8
"Alvaro Castro Tinto, Dao, Portugal",Alfrocheiro Preto - Tinta Roriz - Touriga,89,50,7.8
"Niepoort Twisted, Douro, Portugal",Tinta Roriz - Tinto Cao - Touriga,88,60,7.6
"Vadio Tinto, Bairrada, Portugal",Baga,89,55,7.8
"Casa Ermelinda Freitas Dona Ermelinda Tinto, Palmela, Portugal",Portuguese Red Blend,87,25,7.4
"Bacalhoa - Caves Alianca Quinta do Carmo Reserva Tinto, Alentejo, Portugal",Cabernet - Grenache - Syrah,89,144,7.8
"Bacalhoa - Caves Alianca Casal Mendes Rose, Portugal",Baga,86,25,7.2
"Joao Portugal Ramos Smart Dog Syrah, Alentejo, Portugal",Syrah,87,35,7.4
"Dow's Vale do Bomfim, Douro, Portugal",Portuguese Red Blend,88,40,7.6
"Barros 10 Year Old Tawny Port, Portugal",Port Blend Red,88,89,7.6
"Martinez Quinta da Eira Velha, Single Quinta Vintage Port, Portugal",Port Blend Red,90,229,8.0
"Quinta Nova de Nossa Senhora do Carmo Reserva Tinto, Douro, Portugal",Portuguese Red Blend,89,99,7.8
"Carmim 'Terras d'el Rei', Vinho Regional Alentejano, Portugal",Portuguese Red Blend,84,20,6.8
"Quinta de Foz de Arouce, Vinho Regional Beiras, Portugal",Portuguese Red Blend,90,65,8.0
"W & J Graham's Crusted Port, Portugal",Port Blend Red,90,89,8.0
"Warre's Otima 20 Years Old Tawny Port, Portugal",Port Blend Red,90,214,8.0
"Dow's 30 Year Old Tawny Port, Portugal",Port Blend Red,89,378,7.8
"Offley Ruby Port, Portugal",Port Blend Red,87,55,7.4
"Quinta Nova de Nossa Senhora do Carmo Vintage Port, Portugal",Port Blend Red,90,219,8.0
"Quinta do Crasto Flor de Crasto, Douro, Portugal",Tinta Roriz (Aragonez) - Touriga,87,40,7.4
"Quinta do Crasto Flor de Crasto, Douro, Portugal",Tinta Roriz (Aragonez) - Touriga,87,40,7.4
"Pera-Grave Reserva Tinto, Vinho Regional Alentejano, Portugal",Rare Red Blend,88,94,7.6
"Ramos Pinto Quinta da Ervamoira 10 Year Old Tawny Port, Portugal",Port Blend Red,89,139,7.8
"Niepoort Rotulo Tinto, Dao, Portugal",Portuguese Red Blend,89,45,7.8
"Octave, Vinho Verde, Portugal",Albarino (Alvarinho),88,30,7.6
"Quinta de Soalheiro 'Allo' Alvarinho - Loureiro, Vinho Verde, Portugal",Portuguese White Blend,88,30,7.6
"DFJ Vinhos Grand'Arte Alicante Bouschet, Vinho Regional Lisboa, Portugal",Alicante Bouschet,89,35,7.8
"Aphros Loureiro, Vinho Verde, Portugal",Loureiro,89,60,7.8
"Calem Late Bottled Vintage Port, Portugal",Port Blend Red,88,75,7.6
"Burmester 20 Year Old Tawny Port, Portugal",Port Blend Red,90,204,8.0
"Dow's Fine Ruby Port, Portugal",Port Blend Red,87,55,7.4
"Falua 'Conde de Vimioso' Reserva, Vinho Regional Tejo, Portugal",Rare Red Blend,90,60,8.0
"Casa Santos Lima Portuga, Vinho Regional Lisboa, Portugal",Portuguese Red Blend,87,30,7.4
"Quinta da Sequeira Tinto Grande Reserva, Douro, Portugal",Portuguese Red Blend,87,144,7.4
"Cockburn's Quinta Dos Canais Vintage Port, Portugal",Port Blend Red,90,194,8.0
"Herdade do Peso 'Trinca Bolotas', Alentejo, Portugal",Rare White Blend,90,89,8.0
"Alvaro Castro Quinta de Saes 'Estagio Prolongado' Tinto Reserva, Dao, Portugal",Tinta Roriz (Aragonez) - Touriga,90,75,8.0
"Andreza Reserva Tinto, Douro, Portugal",Tinta Roriz (Aragonez) - Touriga,89,40,7.8
"Real Companhia Velha Quinta das Carvalhas 'Carvalhas' Tinto, Douro, Portugal",Rare Red Blend,90,60,8.0
"Taylor Fladgate Special Fine Ruby Port, Portugal",Port Blend Red,88,60,7.6
"Casa Santos Lima Quinta do Espirito Santo, Vinho Regional Estremadura, Portugal",Portuguese Red Blend,88,40,7.6
"Niepoort Poeirinho Baga, Bairrada, Portugal",Baga,90,119,8.0
"Burmester 10 Year Old Tawny Port, Portugal",Port Blend Red,89,109,7.8
"Symington Altano Reserva, Douro, Portugal",Touriga Franca - Touriga Nacional,89,60,7.8
"Ramos Pinto Lagrima White Porto, Portugal",Port Blend White,87,60,7.4
"Niepoort Poeirinho Baga, Bairrada, Portugal",Baga,90,119,8.0
"Herdade do Esporao Monte Velho Branco, Vinho Regional Alentejano, Portugal",Antao Vaz,86,30,7.2
"Quinta do Portal Late Bottled Vintage Port, Portugal",Port Blend Red,88,89,7.6
"Luis Pato Baga Vinho Espumante Rose Bruto, Beiras, Portugal",Baga,87,50,7.4
"Quinta dos Carvalhais Reserva, Dao, Portugal",Tinta Roriz (Aragonez) - Touriga,90,114,8.0
"DFJ Vinhos Paxis Vinho Regional Lisboa Tinto, Portugal",Portuguese Red Blend,87,35,7.4
"Jose Maria da Fonseca Domingos Soares Franco 'Coleccao Privada' Moscatel de Setubal Roxo, Portugal",Muscat,87,84,7.4
"W & J Graham's The Tawny Port, Portugal",Port Blend Red,89,75,7.8
"Caves Sao Joao 'Porta dos Cavaleiros' Tinto, Dao, Portugal",Portuguese Red Blend,86,70,7.2
"Anselmo Mendes Muros de Melgaco Alvarinho, Vinho Verde, Portugal",Albarino (Alvarinho),90,70,8.0
"Quinta da Lixa 'Anjos de Portugal', Vinho Verde, Portugal",Albarino (Alvarinho),86,25,7.2
"Castello D'Alba Vinhas Velhas Grande Reserva, Douro, Portugal",Portuguese Red Blend,89,60,7.8
"Vallegre Vista Alegre Vintage Port, Portugal",Port Blend Red,90,149,8.0
"Tiago Cabaco Blog Tinto, Alentejo, Portugal",Portuguese Red Blend,91,114,8.2
"Ramos Pinto Duas Quintas Reserva Especial, Douro, Portugal",Portuguese Red Blend,88,258,7.6
"Anselmo Mendes 'Muros Antigos' Alvarinho, Vinho Verde, Portugal",Albarino (Alvarinho),89,55,7.8
"Cartuxa Evora Colheita Branco, Alentejo, Portugal",Portuguese White Blend,88,50,7.6
"Quinta de S. Francisco Tinto, Obidos, Portugal",Castelao - Touriga,87,35,7.4
"Herdade do Peso 'Trinca Bolotas', Alentejo, Portugal",Portuguese Red Blend,87,35,7.4
"Caves Vidigal Reserva, Vinho Regional Lisboa, Portugal",Tempranillo,86,30,7.2
"Wine & Soul Pintas Vintage Port, Portugal",Port Blend Red,91,249,8.2
"Quinta do Passadouro, Douro, Portugal",Tinta Roriz (Aragonez) - Touriga,89,104,7.8
"Pera-Grave Reserva Tinto, Vinho Regional Alentejano, Portugal",Rare Red Blend,88,94,7.6
"Ramos Pinto Quinta da Ervamoira 10 Year Old Tawny Port, Portugal",Port Blend Red,89,139,7.8
"Niepoort Rotulo Tinto, Dao, Portugal",Portuguese Red Blend,89,45,7.8
"Octave, Vinho Verde, Portugal",Albarino (Alvarinho),88,30,7.6
"Quinta de Soalheiro 'Allo' Alvarinho - Loureiro, Vinho Verde, Portugal",Portuguese White Blend,88,30,7.6
"DFJ Vinhos Grand'Arte Alicante Bouschet, Vinho Regional Lisboa, Portugal",Alicante Bouschet,89,35,7.8
"Aphros Loureiro, Vinho Verde, Portugal",Loureiro,89,60,7.8
"Calem Late Bottled Vintage Port, Portugal",Port Blend Red,88,75,7.6
"Burmester 20 Year Old Tawny Port, Portugal",Port Blend Red,90,204,8.0
"Dow's Fine Ruby Port, Portugal",Port Blend Red,87,55,7.4
"Falua 'Conde de Vimioso' Reserva, Vinho Regional Tejo, Portugal",Rare Red Blend,90,60,8.0
"Casa Santos Lima Portuga, Vinho Regional Lisboa, Portugal",Portuguese Red Blend,87,30,7.4
"Quinta da Sequeira Tinto Grande Reserva, Douro, Portugal",Portuguese Red Blend,87,144,7.4
"Cockburn's Quinta Dos Canais Vintage Port, Portugal",Port Blend Red,90,194,8.0
"Casa Santos Lima Quinta do Espirito Santo, Vinho Regional Estremadura, Portugal",Portuguese Red Blend,88,40,7.6
"Andreza Reserva Tinto, Douro, Portugal",Tinta Roriz (Aragonez) - Touriga,89,40,7.8
"Herdade do Esporao Private Selection Branco, Alentejo, Portugal",Rare White Blend,90,89,8.0
"Alvaro Castro Quinta de Saes 'Estagio Prolongado' Tinto Reserva, Dao, Portugal",Tinta Roriz (Aragonez) - Touriga,90,75,8.0
"Real Companhia Velha Quinta das Carvalhas 'Carvalhas' Tinto, Douro, Portugal",Rare Red Blend,90,60,8.0
"Taylor Fladgate Special Fine Ruby Port, Portugal",Port Blend Red,88,60,7.6
"Burmester 10 Year Old Tawny Port, Portugal",Port Blend Red,89,109,7.8
"Symington Altano Reserva, Douro, Portugal",Touriga Franca - Touriga Nacional,89,60,7.8
"Ramos Pinto Lagrima White Porto, Portugal",Port Blend White,87,60,7.4
"Niepoort Poeirinho Baga, Bairrada, Portugal",Baga,90,119,8.0
"Herdade do Esporao Monte Velho Branco, Vinho Regional Alentejano, Portugal",Antao Vaz,86,30,7.2
"Quinta do Portal Late Bottled Vintage Port, Portugal",Port Blend Red,88,89,7.6
"Luis Pato Baga Vinho Espumante Rose Bruto, Beiras, Portugal",Baga,87,50,7.4
"Quinta dos Carvalhais Reserva, Dao, Portugal",Tinta Roriz (Aragonez) - Touriga,90,114,8.0
"DFJ Vinhos Paxis Vinho Regional Lisboa Tinto, Portugal",Portuguese Red Blend,87,35,7.4
"Jose Maria da Fonseca Domingos Soares Franco 'Coleccao Privada' Moscatel de Setubal Roxo, Portugal",Muscat,87,84,7.4
"W & J Graham's The Tawny Port, Portugal",Port Blend Red,89,75,7.8
"Caves Sao Joao 'Porta dos Cavaleiros' Tinto, Dao, Portugal",Portuguese Red Blend,86,70,7.2
"Anselmo Mendes Muros de Melgaco Alvarinho, Vinho Verde, Portugal",Albarino (Alvarinho),90,70,8.0
"Quinta da Lixa 'Anjos de Portugal', Vinho Verde, Portugal",Albarino (Alvarinho),86,25,7.2
"Castello D'Alba Vinhas Velhas Grande Reserva, Douro, Portugal",Portuguese Red Blend,89,60,7.8
"Vallegre Vista Alegre Vintage Port, Portugal",Port Blend Red,90,149,8.0
"Tiago Cabaco Blog Tinto, Alentejo, Portugal",Portuguese Red Blend,91,114,8.2
"Ramos Pinto Duas Quintas Reserva Especial, Douro, Portugal",Portuguese Red Blend,88,258,7.6
"Anselmo Mendes 'Muros Antigos' Alvarinho, Vinho Verde, Portugal",Albarino (Alvarinho),89,55,7.8
"Cartuxa Evora Colheita Branco, Alentejo, Portugal",Portuguese White Blend,88,50,7.6
"Quinta de S. Francisco Tinto, Obidos, Portugal",Castelao - Touriga,87,35,7.4
"Herdade do Peso 'Trinca Bolotas', Alentejo, Portugal",Portuguese Red Blend,87,35,7.4
"Caves Vidigal Reserva, Vinho Regional Lisboa, Portugal",Tempranillo,86,30,7.2
